time,open,high,low,close,Volume,Volume MA
1383735600,24.65,24.95,24.61,24.89,7,442.5
1383822000,24.85,24.91,24.56,24.7,22,396.9
1383908400,24.55,25.1,24.55,24.97,67,369.55
1384167600,25.14,25.85,25.1,25.61,87,343.9
1384254000,25.7,26.14,25.7,25.81,57,268.5
1384340400,25.86,26.59,25.86,26.44,31,219
1384426800,26.57,26.74,26.14,26.2,79,163.4
1384772400,26.06,26.06,25.6,25.62,38,112.05
1384858800,25.5,25.76,25.42,25.63,2,108.95
1385031600,25.65,26.25,25.65,26.09,1,106.3
1385118000,26.1,26.45,25.87,26.36,43,39.45
1385377200,26.38,26.44,26.1,26.4,16,39.25
1385463600,26.5,26.5,25.96,26.14,5,39.3
1385550000,26.14,26.45,26.01,26.34,5,39.4
1385636400,26.34,26.55,26.32,26.47,1,36.65
1385722800,26.47,26.7,26.32,26.5,2,36.55
1385982000,26.5,26.69,26.25,26.29,19,36.75
1386068400,26.3,26.39,26.11,26.36,7,31.7
1386154800,26.36,26.68,26.32,26.57,563,59.45
1386241200,26.65,26.77,26.4,26.49,8,53
1386327600,26.5,26.62,26.3,26.35,13,53.3
1386586800,26.34,26.54,26.3,26.4,40,54.2
1386673200,26.47,26.69,26.2,26.25,44,53.05
1386759600,26.22,26.44,26.15,26.21,46,51
1386846000,26.21,26.22,25.82,25.86,7,48.5
1386932400,25.86,25.93,25.6,25.8,12,47.55
1387191600,25.8,25.98,25.7,25.91,1,43.65
1387278000,25.9,26.1,25.86,26.04,14,42.45
1387364400,26.04,26.43,26.04,26.31,1130,98.85
1387450800,26.31,26.85,26.27,26.8,756,136.6
1387537200,26.71,27.09,26.71,27.02,802,174.55
1387796400,26.96,27.23,26.9,27.08,11,174.3
1388055600,27.05,27.2,26.94,27,1,174.1
1388142000,26.99,27.1,26.76,27.05,4,174.05
1388401200,27.05,27.2,26.9,27.18,1,174.05
1388660400,27.15,27.35,26.98,27.28,42,176.05
1388746800,27.3,27.85,27.26,27.8,150,182.6
1389006000,27.83,28.46,27.8,28.24,43,184.4
1389092400,28.25,28.28,27.58,27.68,140,163.25
1389178800,27.66,27.81,27.28,27.39,186,172.15
1389265200,27.35,27.4,26.7,26.73,87,175.85
1389351600,26.73,27,26.53,26.77,2027,275.2
1389610800,27,27.2,26.85,27.04,1837,364.85
1389697200,27.14,27.18,26.85,26.9,1715,448.3
1389783600,26.9,26.99,26.7,26.95,746,485.25
1389870000,26.96,27.14,26.9,26.98,438,506.55
1389956400,27.04,27.08,26.75,26.8,421,527.55
1390215600,26.75,26.75,26.48,26.55,713,562.5
1390302000,26.57,26.6,26.11,26.15,900,551
1390388400,26.15,26.25,25.94,26,739,550.15
1390474800,25.94,26.22,25.85,26.15,534,536.75
1390561200,26.16,26.37,26.1,26.19,441,558.25
1390820400,26.14,26.15,25.81,25.88,500,583.2
1390906800,25.88,26.15,25.85,26.02,246,595.3
1390993200,26.02,26.6,26,26.49,1488,669.65
1391079600,26.62,26.88,26.3,26.82,1763,755.7
1391166000,26.76,27.3,26.76,27.3,836,790
1391425200,27.28,28.3,27.15,28.24,917,833.7
1391511600,28.28,28.87,28.1,28.78,1314,892.4
1391598000,28.9,29.45,28.77,29.36,2243,995.25
1391684400,29.36,29.71,29.09,29.13,1267,1054.25
1391770800,29.02,29.25,27.91,28.72,2278,1066.8
1392030000,28.66,29.3,28.56,29.2,1414,1045.65
1392116400,29.2,29.2,28.75,29.14,1244,1022.1
1392202800,29.1,29.35,28.8,28.9,2047,1087.15
1392289200,28.93,29.5,28.93,29.42,1165,1123.5
1392375600,29.4,29.5,29.06,29.38,1532,1179.05
1392638400,29.3,30.49,29.3,30.49,1476,1217.2
1392724800,30.46,30.92,29.5,30.92,1123,1228.35
1392811200,30.99,32.46,30.99,32.46,2048,1293.8
1392897600,32.76,33.07,32.18,32.64,2764,1405.3
1392984000,32.69,33.1,32.25,32.3,1508,1458.65
1393243200,32.3,33.05,32.23,32.99,2110,1539.15
1393329600,32.99,33.4,32.4,32.77,2657,1659.7
1393416000,32.79,33.1,32.54,32.56,1515,1661.05
1393502400,32.5,32.5,31.43,31.53,3321,1738.95
1393588800,31.5,31.5,30.45,30.65,2610,1827.65
1394020800,30.74,31.87,30.74,31.75,1983,1880.95
1394107200,31.82,32.7,31.7,32.67,3104,1970.45
1394193600,32.73,33.1,32.41,32.45,2124,1964.5
1394452800,32.3,32.87,32.2,32.27,1700,1986.15
1394539200,32.22,32.73,32.11,32.4,1610,1952.75
1394625600,32.4,32.4,31.22,31.3,2991,2031.6
1394712000,31.21,31.22,30.08,30.32,3896,2164.2
1394798400,30.28,30.28,29.9,29.96,1764,2150.05
1395057600,29.94,29.94,29.94,29.94,0,2091.8
1395144000,29.94,30.44,29.94,30.44,0,2015.2
1395230400,30.53,30.53,30.24,30.24,0,1941.4
1395316800,30.24,30.67,30.24,30.67,0,1885.25
1395403200,30.67,30.67,30.35,30.35,0,1782.85
1395662400,30.35,30.58,30.35,30.58,0,1644.65
1395748800,30.58,30.58,30.58,30.58,0,1569.25
1395835200,30.57,30.57,30.23,30.23,0,1463.75
1395921600,30.23,30.23,29.69,29.69,0,1330.9
1396008000,29.69,29.82,29.69,29.82,0,1255.15
1396267200,29.3,29.3,29.3,29.3,1,1089.15
1396353600,29.3,30.58,29.3,30.58,1,958.7
1396440000,29.84,31.4,29.84,31.21,42,861.65
1396526400,31.55,31.55,31.52,31.52,31,708
1396612800,31.2,31.8,31.2,31.8,75,605.55
1396872000,32,32,32,32,1,520.6
1396958400,31.49,31.49,31.49,31.49,1,440.15
1397044800,31.5,31.5,30.99,30.99,11,291.15
1397131200,31.4,31.4,31.4,31.4,2,96.45
1397217600,31.4,31.5,31.4,31.5,15,9
1397476800,31.5,31.5,31.5,31.5,10,9.5
1397563200,31.3,31.5,31.3,31.5,12,10.1
1397649600,31.65,31.7,31.65,31.7,7,10.45
1397736000,31.5,31.6,31.44,31.58,33,12.1
1398168000,31.53,31.53,31.2,31.39,18,13
1398254400,31.43,31.44,31.39,31.44,6,13.3
1398340800,31.19,31.25,31.17,31.17,28,14.7
1398427200,31.1,31.1,30.75,30.84,13,15.35
1398686400,30.7,30.83,30.65,30.7,13,16
1398772800,30.5,30.75,30.5,30.75,8,16.4
1398859200,30.55,30.55,30.4,30.47,20,17.35
1399032000,30.1,30.47,30,30.47,61,20.35
1399291200,30,30,30,30,16,19.05
1399377600,29.95,30,29.93,29.93,22,18.6
1399464000,29.89,30,29.83,30,15,15.6
1399550400,29.7,29.8,29.68,29.8,12,16.15
1399636800,29.6,29.74,29.55,29.6,29,17.55
1399896000,29.35,29.35,29.25,29.33,33,18.65
1399982400,29.05,29.1,28.91,29,39,20.5
1400068800,28.95,28.95,28.45,28.6,30,21.25
1400155200,28.15,28.15,28.1,28.1,0,20.75
1400241600,28.1,28.11,28.1,28.11,0,20.15
1400500800,28.11,28.11,28.11,28.11,0,19.8
1400587200,27.64,27.64,27.38,27.38,0,18.15
1400673600,27.38,27.38,27.26,27.26,0,17.25
1400760000,27.26,27.26,27.26,27.26,0,16.95
1400846400,27.39,27.39,27.35,27.35,0,15.55
1401105600,27.35,27.49,27.35,27.49,0,14.9
1401278400,27.49,27.49,27.16,27.16,0,14.25
1401364800,27.15,27.15,27.04,27.04,0,13.85
1401451200,27.04,27.04,27.04,27.04,0,12.85
1401710400,26.76,26.76,26.76,26.76,0,9.8
1401796800,26.84,26.84,26.79,26.79,0,9
1401883200,26.79,26.79,26.79,26.79,0,7.9
1401969600,26.9,26.9,26.9,26.9,0,7.15
1402056000,26.4,26.46,26.4,26.46,0,6.55
1402315200,26.46,26.46,25.94,25.94,0,5.1
1402401600,25.94,25.94,25.58,25.58,0,3.45
1402488000,25.58,25.58,25.26,25.26,0,1.5
1402660800,25.26,25.26,25.26,25.26,0,0
1402920000,24.97,24.97,24.62,24.62,0,0
1403006400,24.53,24.53,24.53,24.53,0,0
1403092800,24.53,24.85,24.53,24.85,0,0
1403265600,24.85,25.18,24.85,25.18,0,0
1403524800,25.32,25.32,25.32,25.32,0,0
1403611200,25.32,25.32,24.88,24.88,0,0
1403697600,24.88,24.88,24.54,24.54,0,0
1403784000,24.54,24.77,24.54,24.77,0,0
1403870400,24.77,24.77,24.61,24.61,0,0
1404129600,24.61,24.61,24.61,24.61,0,0
1404216000,24.18,24.18,24.18,24.18,0,0
1404302400,23.89,23.89,23.89,23.89,0,0
1404388800,23.73,23.73,23.73,23.73,0,0
1404475200,23.71,23.71,23.71,23.71,0,0
1404734400,23.71,23.71,23.71,23.71,0,0
1404820800,23.65,23.65,23.65,23.65,0,0
1404993600,23.65,23.98,23.65,23.98,0,0
1405080000,23.98,23.98,23.72,23.72,0,0
1405339200,23.72,23.79,23.72,23.79,0,0
1405425600,23.4,23.55,23.17,23.26,2526,126.3
1405512000,23.16,23.37,23.12,23.32,1443,198.45
1405598400,23.31,23.51,23.16,23.33,1677,282.3
1405684800,23.3,23.38,22.95,23.04,4277,496.15
1405944000,23.1,23.15,22.73,22.91,2065,599.4
1406030400,22.86,22.97,22.75,22.81,1335,666.15
1406116800,22.8,22.9,22.65,22.81,2962,814.25
1406203200,22.84,23.05,22.7,22.84,2652,946.85
1406289600,22.77,23.28,22.7,22.84,4588,1176.25
1406548800,23.15,23.47,22.9,23.42,2919,1322.2
1406635200,23.48,23.8,23.25,23.29,5409,1592.65
1406721600,23.25,23.45,23.07,23.34,2393,1712.3
1406808000,23.22,23.73,23.16,23.48,2179,1821.25
1406894400,23.6,24.65,23.55,24.26,4560,2049.25
1407153600,24.27,24.95,24.23,24.77,3514,2224.95
1407240000,24.77,24.77,24.15,24.5,2309,2340.4
1407326400,24.45,24.5,24.18,24.44,2208,2450.8
1407412800,24.46,24.89,24.29,24.74,4767,2689.15
1407499200,24.68,25,24.5,24.53,3927,2885.5
1407758400,24.55,24.55,23.5,23.71,4434,3107.2
1407844800,23.67,23.9,23.45,23.66,3773,3169.55
1407931200,23.75,23.79,23.59,23.66,1677,3181.25
1408017600,23.64,23.67,23.31,23.48,3182,3256.5
1408104000,24.3,24.45,24.15,24.26,1444,3114.85
1408363200,24.2,24.38,24.2,24.26,604,3041.8
1408449600,24.25,24.32,24.15,24.27,186,2984.35
1408536000,24.3,24.3,23.98,24.06,981,2885.3
1408622400,24.02,24.16,23.9,24.06,588,2782.1
1408708800,24.1,24.59,24.1,24.52,1606,2633
1408968000,24.58,24.75,24.22,24.4,582,2516.15
1409054400,24.4,24.4,24.16,24.2,1057,2298.55
1409140800,24.2,24.23,24.02,24.21,906,2224.2
1409227200,24.18,24.45,24.18,24.28,1395,2185
1409313600,24.27,24.32,23.95,23.99,1819,2047.95
1409572800,23.96,23.96,23.55,23.58,2317,1988.1
1409659200,23.6,23.6,23.33,23.36,2026,1973.95
1409745600,23.36,23.4,23.05,23.06,2380,1982.55
1409832000,23.09,23.12,22.84,22.89,2985,1893.45
1409918400,22.77,22.89,22.55,22.69,1807,1787.45
1410177600,22.7,22.75,22.4,22.41,1686,1650.05
1410264000,22.35,22.7,22.31,22.66,2533,1588.05
1410350400,22.53,23.05,22.45,23,3244,1666.4
1410436800,22.94,23.16,22.66,22.79,3061,1660.35
1410523200,22.75,23.45,22.71,23.33,3786,1777.45
1410782400,24.49,24.8,24.35,24.55,391,1766.8
1410868800,24.65,24.9,24.51,24.63,1017,1808.35
1410955200,24.68,24.74,24.42,24.45,925,1805.55
1411041600,24.39,24.75,24.39,24.41,842,1818.25
1411128000,24.5,24.5,24.1,24.25,2478,1861.85
1411387200,24.16,24.2,23.8,23.98,1741,1919.8
1411473600,24,24.23,23.96,24.07,2662,2000.05
1411560000,24.05,24.45,24.01,24.34,992,2004.35
1411646400,24.31,24.49,24.2,24.3,732,1971.2
1411732800,24.31,24.5,24.22,24.25,786,1919.55
1411992000,24.25,24.74,24.25,24.63,815,1844.45
1412078400,24.63,24.75,24.35,24.35,851,1785.7
1412164800,24.36,24.5,24.11,24.4,2228,1778.1
1412251200,24.35,24.38,24.1,24.2,1411,1699.4
1412337600,24.21,24.3,24.1,24.19,824,1650.25
1412596800,24.18,24.59,23.98,24.4,1792,1655.55
1412683200,24.35,24.5,24.1,24.5,1495,1603.65
1412769600,24.48,24.85,24.31,24.56,1039,1493.4
1412856000,24.56,25.15,24.55,25.1,1170,1398.85
1412942400,25.2,25.4,24.87,25.13,1145,1266.8
1413201600,25.37,25.78,25,25.78,1122,1303.35
1413288000,25.7,26.37,25.6,26.37,521,1278.55
1413374400,26.4,27.68,26.32,27.31,1654,1315
1413460800,27.33,27.5,26.93,27.5,1618,1353.8
1413547200,27.49,27.6,27.08,27.4,819,1270.85
1413802800,27.3,27.53,27.23,27.47,319,1199.75
1413889200,27.5,27.64,27.4,27.41,354,1084.35
1413975600,27.5,28.45,27.35,28.35,1854,1127.45
1414062000,28.35,29.08,28.21,29.02,1904,1186.05
1414148400,29,29.45,28.67,28.72,1510,1222.25
1414407600,28.65,29.25,28.54,28.9,1433,1253.15
1414494000,29.04,29.22,28.95,29.05,561,1238.65
1414580400,29.02,30.5,29.02,30.5,2345,1244.5
1414666800,30.8,31.5,30,30.05,2926,1320.25
1414753200,30.03,30.05,28.85,29.23,1263,1342.2
1415012400,29.2,29.3,28.51,28.75,1947,1349.95
1415098800,28.73,29,28.73,28.93,964,1323.4
1415185200,28.9,29.1,28.4,28.82,1373,1340.1
1415271600,28.85,30.05,28.85,29.74,2618,1412.5
1415358000,29.75,30.35,29.68,30.24,1598,1435.15
1415617200,30.14,30.49,30.01,30.4,1332,1445.65
1415703600,30.46,31.49,30.45,31.35,3387,1588.95
1415790000,31.5,32.13,31.4,32.08,3654,1688.95
1415876400,32.11,32.35,31,32,2885,1752.3
1415962800,31.9,32.1,30.91,32,1916,1807.15
1416222000,32.28,32.69,32.1,32.66,449,1813.65
1416308400,32.71,32.96,32.3,32.34,537,1822.8
1416394800,32.35,32.6,32.2,32.41,337,1746.95
1416567600,32.4,32.6,32,32.01,223,1662.9
1416826800,32,32,30.95,31.04,714,1623.1
1416913200,30.8,30.8,30.03,30.18,647,1583.8
1416999600,30.05,30.05,29.31,29.46,609,1586.2
1417086000,29.35,29.69,28.99,29.26,498,1493.85
1417172400,29.35,30.15,29.19,29.57,234,1359.25
1417431600,29.51,29.51,29.01,29.12,579,1325.05
1417518000,29.07,29.13,28.6,28.94,971,1276.25
1417604400,28.95,29.01,28.58,28.68,697,1262.9
1417690800,28.68,29.79,28.65,29.58,928,1240.65
1417777200,29.74,29.74,28.99,29.55,387,1129.1
1418036400,29.49,29.6,29.16,29.41,241,1061.25
1418122800,29.32,30.2,29.32,30.12,1102,1049.75
1418209200,30.15,30.7,30.05,30.09,740,917.4
1418295600,30.1,30.82,30.1,30.63,322,750.8
1418382000,30.63,31.5,30.63,31.5,321,622.6
1418641200,31.5,31.9,30.95,31.46,366,545.1
1418727600,31.4,32.45,31.35,32.07,1044,574.85
1418814000,32.15,32.15,31.08,31.19,817,588.85
1418900400,31.01,31.01,30.38,30.5,747,609.35
1418986800,30.5,31.08,30.5,30.96,400,618.2
1419246000,30.9,31.35,30.45,30.67,155,590.25
1419332400,30.7,30.7,30.3,30.45,229,569.35
1419591600,30.45,30.61,30.31,30.54,75,542.65
1419850800,30.56,30.56,30.45,30.5,46,520.05
1419937200,30.45,30.5,30.2,30.3,412,528.95
1420196400,30.2,30.36,30.2,30.34,203,510.15
1420455600,30.33,30.33,29.94,30.19,550,489.1
1420542000,30.21,30.21,29.55,29.59,1419,525.2
1420628400,29.5,29.54,29.1,29.2,907,524.15
1420714800,29.15,29.18,28.9,28.93,1732,591.4
1420801200,28.9,29.44,28.68,29.32,1661,662.4
1421060400,29.35,30.78,29.35,30.64,4147,814.65
1421146800,30.8,31.49,29.8,29.91,5416,1048.45
1421233200,29.72,29.95,29.1,29.15,4380,1251.35
1421319600,28.49,29.35,28.36,28.85,674,1269
1421406000,28.79,29.64,28.7,28.92,282,1264.8
1421665200,28.99,29.15,28.86,29.01,195,1222.35
1421751600,29.09,29.4,28.62,28.72,716,1217.3
1421838000,28.73,28.73,28.25,28.43,358,1197.85
1421924400,28.39,28.46,28.08,28.33,587,1207.2
1422010800,28.4,28.4,27.88,28,431,1221
1422270000,27.91,28,27.5,27.55,745,1246.8
1422356400,27.5,28,27.11,27.68,896,1287.85
1422442800,27.7,27.97,27.5,27.62,384,1304.75
1422529200,27.65,28,27.6,27.95,522,1310.25
1422615600,28,28.55,28,28.4,367,1318.45
1422874800,28.3,28.4,28.11,28.16,440,1312.95
1422961200,28.1,28.75,28.1,28.66,624,1273.2
1423047600,28.93,29.15,28.81,29.1,577,1256.7
1423134000,29.05,29.35,29.05,29.16,202,1180.2
1423220400,29.13,29.7,29.13,29.26,336,1113.95
1423479600,29.2,29.3,28.7,29.05,517,932.45
1423566000,28.6,29.19,28.6,29.1,360,679.65
1423652400,29.02,29.29,29,29.1,340,477.65
1423738800,29.09,29.1,28.77,28.86,268,457.35
1423825200,28.8,28.84,28.6,28.63,459,466.2
1424257200,28.85,29,28.85,28.95,124,462.65
1424343600,28.97,29.29,28.96,29.24,315,442.6
1424430000,29.28,29.37,29.2,29.33,445,446.95
1424692800,29.32,29.52,29.06,29.16,492,442.2
1424779200,29.18,29.56,29.17,29.54,441,442.7
1424865600,29.6,29.61,29.36,29.42,781,444.5
1424952000,29.33,29.45,29.21,29.43,309,415.15
1425038400,29.4,29.65,29.2,29.25,497,420.8
1425297600,29.25,29.28,28.7,29.01,956,442.5
1425384000,29,29.35,29,29.31,1077,478
1425470400,29.38,29.54,29.35,29.45,638,487.9
1425556800,29.4,29.55,29.4,29.42,537,483.55
1425643200,29.42,29.42,28.9,28.94,1706,540
1425902400,28.87,29.65,28.81,29.49,1344,597.1
1425988800,29.57,29.9,29.45,29.51,1988,679.7
1426075200,29.5,29.77,29.32,29.41,1034,705.55
1426161600,29.35,29.48,29.3,29.34,814,728.25
1426248000,29.37,29.79,29.35,29.65,1335,778
1426507200,30.58,30.58,30.25,30.25,0,764.6
1426680000,30.25,30.25,29.63,29.63,0,741.65
1426766400,29.63,29.85,29.63,29.85,0,735.45
1426852800,29.85,29.92,29.85,29.92,0,719.7
1427112000,29.92,29.92,29.5,29.5,0,697.45
1427198400,29.5,29.5,29.08,29.08,0,672.85
1427284800,29.08,29.14,29.08,29.14,0,650.8
1427371200,29.1,29.1,29.1,29.1,10,612.25
1427457600,29.1,29.26,29.1,29.26,10,597.3
1427716800,29.26,29.5,29.26,29.5,0,572.45
1427803200,29.5,29.5,29.45,29.45,0,524.65
1427889600,29.45,29.45,29.2,29.2,0,470.8
1427976000,29.2,29.22,29.2,29.22,0,438.9
1428321600,29.22,29.24,29.22,29.24,0,412.05
1428408000,29.24,29.24,28.76,28.76,0,326.75
1428494400,28.76,28.76,28.41,28.41,0,259.55
1428580800,28.41,28.41,28.41,28.41,0,160.15
1428667200,28.41,28.41,28.04,28.04,0,108.45
1428926400,28.04,28.04,27.7,27.7,0,67.75
1429012800,27.7,27.7,27.52,27.52,0,1
1429099200,27.52,27.52,27.33,27.33,0,1
1429185600,27.33,27.33,27.25,27.25,0,1
1429272000,27.25,27.68,27.25,27.68,0,1
1429531200,27.68,27.68,27.18,27.18,0,1
1429704000,27.18,27.18,26.84,26.84,0,1
1429790400,26.84,26.89,26.84,26.89,0,1
1429876800,26.89,26.89,26.85,26.85,0,1
1430136000,26.85,26.85,26.57,26.57,0,0.5
1430222400,26.57,26.57,26.5,26.5,0,0
1430308800,26.5,26.5,26.14,26.14,0,0
1430395200,26.14,26.18,26.14,26.18,0,0
1430740800,26.18,26.21,26.18,26.21,0,0
1430827200,26.21,26.21,26.15,26.15,0,0
1430913600,26.15,26.18,26.15,26.18,0,0
1431000000,26.18,26.26,26.18,26.26,0,0
1431086400,26.26,26.26,26.16,26.16,0,0
1431345600,26.16,26.16,26,26,0,0
1431432000,26,26,25.76,25.76,0,0
1431518400,25.76,25.79,25.76,25.79,0,0
1431604800,25.79,25.79,25.72,25.72,0,0
1431691200,25.37,25.85,25,25.06,3033,151.65
1431950400,25,25.79,25,25.72,3380,320.65
1432036800,25.67,25.8,25.4,25.6,2284,434.85
1432123200,25.65,26,25.45,25.58,2960,582.85
1432209600,25.53,25.95,25.51,25.84,2583,712
1432296000,25.84,26.29,25.75,26.18,2307,827.35
1432555200,26.2,26.45,26.01,26.38,1151,884.9
1432641600,26.36,26.36,26.05,26.15,2031,986.45
1432728000,26.15,26.15,25.16,25.19,4576,1215.25
1432814400,25.2,25.44,24.88,25.33,3027,1366.6
1432900800,25.33,25.4,25.2,25.3,1372,1435.2
1433160000,25.25,25.25,24.91,25.15,1188,1494.6
1433246400,25.12,25.4,25.03,25.27,1218,1555.5
1433332800,25.3,25.39,25.02,25.25,1336,1622.3
1433505600,25.25,25.89,25.2,25.56,2922,1768.4
1433764800,25.46,25.75,25.35,25.59,977,1817.25
1433851200,25.64,25.65,25.2,25.34,1837,1909.1
1433937600,25.37,25.37,24.91,25.14,2814,2049.8
1434024000,25.15,25.35,25.06,25.11,2654,2182.5
1434110400,25.05,25.25,25.01,25.06,1292,2247.1
1434369600,25.05,25.14,24.82,24.88,1659,2178.4
1434456000,24.87,25.24,24.86,25.2,1035,2061.15
1434542400,25.16,25.68,25.08,25.31,2839,2088.9
1434628800,25.37,25.49,25.18,25.48,1620,2021.9
1434715200,25.49,25.54,25.23,25.38,2248,2005.15
1434974400,25.38,25.6,25.24,25.56,1031,1941.35
1435060800,25.59,25.75,25.47,25.73,2218,1994.7
1435147200,25.72,25.99,25.56,25.8,3949,2090.6
1435233600,25.8,26.4,25.7,26.37,3065,2015.05
1435320000,26.42,27.54,26.4,27.45,5700,2148.7
1435579200,27.44,28.15,27.2,27.28,3534,2256.8
1435665600,27.14,28.09,26.81,27.99,5797,2487.25
1435752000,28.14,28.45,27.75,28.29,3736,2613.15
1435838400,28.3,28.35,27.85,28.28,1434,2618.05
1435924800,28.3,28.6,28.15,28.45,519,2497.9
1436184000,28.46,28.46,27.81,27.91,2137,2555.9
1436270400,27.81,27.81,26.69,27.31,5761,2752.1
1436356800,27.32,28.37,27.3,28.02,4260,2824.4
1436529600,28.05,28.6,27.85,28.48,2040,2793.7
1436788800,28.55,28.6,28.12,28.54,1242,2791.2
1436875200,28.6,28.6,27.81,27.89,3242,2870.35
1436961600,28.9,29.15,28.85,28.86,495,2843.35
1437048000,29,29.3,28.45,28.9,292,2716
1437134400,29.1,29.1,28.5,28.6,627,2666.35
1437393600,28.69,28.7,28,28.05,476,2577.75
1437480000,28.05,28.05,27.75,27.86,412,2546.8
1437566400,27.92,28.23,27.7,28.1,294,2450.6
1437652800,28.15,28.55,27.98,28.49,307,2268.5
1437739200,28.5,28.84,28.33,28.36,218,2126.15
1437998400,28.35,28.48,27.85,27.89,328,1857.55
1438084800,27.9,28.19,27.8,28.07,330,1697.35
1438171200,27.99,27.99,27.68,27.69,398,1427.4
1438257600,27.8,28.15,27.71,28.12,337,1257.45
1438344000,27.94,28.35,27.9,28.31,265,1199
1438603200,28.39,28.8,28.29,28.73,295,1187.8
1438689600,28.8,29.3,28.78,29.21,435,1102.7
1438776000,29.23,30.25,29.2,30.21,1012,865.25
1438862400,30.02,31.25,30.02,31,800,692.25
1438948800,31.01,31.1,30.88,30.95,338,607.15
1439208000,30.8,31.49,30.8,31.44,436,566.85
1439294400,31.42,31.45,30.7,30.7,607,435.1
1439380800,30.5,30.98,29.9,30.02,1068,463.75
1439467200,29.8,30.3,29.3,30.15,595,478.9
1439553600,30.15,30.15,29.85,29.99,224,458.75
1439812800,29.95,29.96,29.77,29.8,307,450.3
1439899200,29.7,29.8,29.6,29.7,469,453.15
1439985600,29.7,30.05,29.5,29.92,542,465.55
1440072000,29.95,30.45,29.85,30.3,285,464.45
1440158400,30.4,30.8,30.4,30.73,547,480.9
1440417600,30.83,31.1,30.31,30.99,587,493.85
1440504000,31.04,31.4,31.04,31.32,508,502.75
1440590400,31.32,31.75,31.32,31.55,531,509.4
1440676800,31.49,31.5,30.96,31.25,867,535.9
1440763200,31.3,31.95,31.18,31.79,755,560.4
1441022400,31.87,32.5,31.8,32.43,869,589.1
1441108800,32.46,32.7,32.3,32.66,468,590.75
1441195200,32.7,33.45,32.5,33.4,1210,600.65
1441281600,33.4,33.61,33.19,33.48,2200,670.65
1441368000,33.5,34,33.2,33.51,807,694.1
1441713600,33.5,33.5,33,33.1,880,716.3
1441800000,33.2,33.45,33.1,33.43,640,717.95
1441886400,33.38,34.55,33.35,34.44,2731,801.1
1441972800,34.4,35,34.1,34.95,2431,892.9
1442232000,34.95,35.76,34.9,35.72,1118,937.6
1442318400,36.7,37.24,36.26,37.14,676,956.05
1442404800,37.14,37.15,36.06,36.1,912,978.2
1442491200,36.1,36.3,35.6,35.85,875,994.85
1442577600,35.8,37.16,35.53,37.07,674,1014.3
1442836800,37.1,37.68,36.89,37.6,421,1008
1442923200,37.58,37.7,37.11,37.3,465,1001.9
1443009600,37.29,37.87,37,37.77,451,999.05
1443096000,37.66,38.8,37.6,38.2,1639,1054.45
1443182400,38.06,38.1,36.9,37.16,847,1053.45
1443441600,37.16,37.69,37.1,37.53,409,1036.15
1443528000,37.64,38.1,37.45,37.72,512,1018.3
1443614400,37.9,37.9,37.2,37.35,545,1022.15
1443700800,37.15,37.5,36.9,37.26,193,971.3
1443787200,37.21,37.39,36.66,36.73,475,885.05
1444046400,36.55,36.65,36.12,36.28,404,864.9
1444132800,36.24,36.45,35.75,35.9,335,837.65
1444219200,35.83,36,35.6,35.85,351,823.2
1444305600,35.9,36.2,35.73,36.02,504,711.85
1444392000,36,36.04,35.3,35.36,867,633.65
1444737600,35.3,35.55,35.01,35.46,242,589.85
1444824000,35.49,36.05,35.49,35.8,257,568.9
1444910400,35.7,36.03,35.3,35.66,567,551.65
1444996800,35.59,35.65,35.48,35.48,96,512.7
1445252400,35.84,36.2,35.3,35.91,316,494.8
1445338800,35.91,35.91,35.71,35.83,150,481.25
1445425200,35.85,36.4,35.85,36.34,308,473.4
1445511600,36.44,37.05,36.4,36.67,748,488.25
1445598000,36.67,36.75,36.3,36.33,204,416.5
1445857200,36.28,36.8,36.2,36.7,241,386.2
1445943600,36.75,36.75,36.5,36.55,124,371.95
1446030000,36.6,36.6,36.45,36.46,230,357.85
1446116400,36.66,36.85,36.58,36.76,181,339.65
1446202800,36.85,37.5,36.85,37.45,515,355.75
1446548400,37.45,37.5,37.05,37.09,893,376.65
1446634800,37.1,37.13,36.7,36.86,797,396.3
1446721200,36.84,36.94,36.25,36.31,1081,433.6
1446807600,36.23,36.33,35.82,36.18,1962,514.15
1447066800,36.1,36.7,36,36.16,790,528.45
1447153200,36.01,36.35,36,36.06,1324,551.3
1447239600,35.95,35.95,35.2,35.77,1147,596.55
1447326000,35.8,36.1,35.6,35.7,398,603.6
1447412400,35.55,36.1,35.4,35.95,485,599.5
1447671600,36.8,36.8,36.7,36.7,4,594.9
1447758000,36.3,36.4,36.3,36.4,28,580.5
1447844400,36.31,36.31,35.7,35.7,60,576
1447930800,35.8,35.8,35.5,35.5,173,569.25
1448276400,35.5,35.8,35.5,35.72,67,535.2
1448362800,35.73,35.9,35.5,35.6,76,528.8
1448449200,35.6,36,35.6,35.8,80,520.75
1448535600,35.9,36,35.62,35.7,26,515.85
1448622000,35.55,35.65,35.55,35.65,21,505.4
1448881200,35.9,36.5,35.9,36.4,114,502.05
1448967600,36.5,36.73,36.45,36.73,99,481.25
1449054000,36.8,37.05,36.5,36.95,303,451.75
1449140400,36.82,37.1,36.51,36.51,36,413.7
1449226800,36.63,37.08,36.63,36.9,395,379.4
1449486000,36.78,36.8,36.31,36.55,244,293.5
1449572400,36.5,36.68,36.2,36.55,487,278.35
1449658800,36.61,37,36.55,36.55,257,225
1449745200,36.65,36.88,36.65,36.74,197,177.5
1449831600,36.81,37.29,36.81,37.19,303,172.75
1450090800,37.19,37.93,37.1,37.73,257,161.35
1450177200,37.8,37.85,37.61,37.61,202,171.25
1450263600,37.61,37.95,37.5,37.72,359,187.8
1450350000,37.56,37.65,37.31,37.5,149,192.25
1450436400,37.5,37.89,37.5,37.71,173,192.25
1450695600,37.71,38.15,37.71,38.14,151,196.45
1450782000,38.15,38.23,38.14,38.15,135,199.4
1450868400,38,38,38,38,6,195.7
1451300400,38,38,37.76,37.76,7,194.75
1451386800,37.7,37.89,37.66,37.76,45,195.95
1451473200,37.75,38.18,37.75,38.1,117,196.1
1451905200,38.65,38.8,38.65,38.73,110,196.65
1451991600,38.73,39.29,38.6,39.28,340,198.5
1452078000,39.2,39.46,39,39.35,343,213.85
1452164400,39.35,40.65,39.35,40.6,830,235.6
1452250800,40.6,40.6,40.11,40.44,538,250.3
1452510000,40.45,40.98,40.45,40.93,423,247.1
1452596400,40.97,42.49,40.8,42.03,1261,297.3
1452682800,42.3,43.05,42.28,42.57,1970,385.95
1452769200,42.6,42.89,41.81,41.96,1482,444.9
1452855600,40.19,40.65,40,40.04,208,442.45
1453114800,40.05,40.05,39.49,39.6,423,453.5
1453201200,39.67,39.84,39.25,39.25,129,442
1453287600,39.15,39.5,38.9,38.9,300,449.55
1453374000,38.78,39.6,38.78,38.8,318,456.8
1453460400,38.45,38.45,38.3,38.45,77,453.1
1453806000,38.45,38.45,38.06,38.11,460,469.35
1453892400,38,38.47,38,38.34,199,479
1453978800,38.4,38.45,38.29,38.34,42,480.75
1454065200,38.3,38.3,38,38.02,124,484.7
1454324400,38.1,38.7,38.05,38.7,166,487.15
1454410800,38.8,39.27,38.8,38.95,363,499.8
1454497200,39.1,39.1,38.75,38.98,102,487.9
1454583600,38.98,39.18,38.55,38.6,320,486.75
1454670000,38.61,38.7,38.61,38.65,36,447.05
1455102000,38.91,38.91,38.1,38.1,86,424.45
1455188400,37.97,38.7,37.9,38.25,142,410.4
1455274800,38.3,38.7,38.3,38.7,498,372.25
1455534000,38.85,39.25,38.6,38.6,523,299.9
1455620400,38.41,39,38.41,38.71,320,241.8
1455706800,38.7,38.8,38.4,38.59,423,252.55
1455793200,38.6,38.68,38.46,38.51,245,243.65
1455879600,38.55,39.19,38.55,39.11,356,255
1456142400,39.1,39.7,39.1,39.4,417,260.85
1456228800,39.4,39.95,39.4,39.84,111,250.5
1456315200,39.85,40.66,39.85,40.66,876,290.45
1456401600,40.7,41.15,40.65,40.98,1201,327.5
1456488000,41,41.43,40.88,41.2,657,350.4
1456747200,41.25,41.95,41,41.85,852,390.9
1456833600,42,42.38,41.85,42.07,1573,463.35
1456920000,42.1,43.15,42.1,42.93,1919,551
1457006400,43,43.58,42.93,43.28,2519,658.8
1457092800,43.3,43.65,42.21,42.49,1801,743.75
1457352000,42.8,43.05,42.65,42.96,950,775.25
1457438400,43,43.59,42.95,43.52,1677,857.3
1457524800,43.49,43.99,43.45,43.74,1420,924
1457611200,43.65,44.29,43.26,44.19,1560,994.9
1457697600,44.3,45.9,44.2,45.24,2927,1116.35
1457956800,45.25,45.4,44.06,44.17,1893,1184.85
1458043200,39.91,40.42,39.91,40.42,0,1168.85
1458129600,40.42,40.8,40.42,40.8,0,1147.7
1458216000,40.8,40.8,40,40,0,1135.45
1458302400,40,40,39.56,39.56,0,1117.65
1458561600,39.56,40.1,39.56,40.1,0,1096.8
1458648000,40,40.6,40,40.6,33,1092.9
1458734400,41.02,41.02,39,40.5,158,1057
1458820800,40,40,39,39.65,211,1007.5
1459166400,39,39.25,39,39.25,3,974.8
1459252800,39.4,39.5,39.35,39.35,45,934.45
1459339200,39.2,39.25,39.2,39.25,45,858.05
1459425600,38.7,38.7,37.51,38,51,764.65
1459512000,37.01,37.8,37.01,37.31,18,639.6
1459771200,38.39,38.4,38.2,38.25,45,551.8
1459857600,38.11,38.11,38.1,38.1,15,505.05
1459944000,38,38,37.95,37.95,15,421.95
1460030400,37.95,38.7,37.95,38.7,33,352.6
1460116800,39,39.25,39,39.15,140,281.6
1460376000,39.5,39.55,39.4,39.55,163,143.4
1460462400,39.5,39.5,38.21,38.8,118,54.65
1460548800,39.49,39.49,39,39.2,11,55.2
1460635200,39.2,39.57,39.2,39.57,16,56
1460721600,38.57,39.5,38.57,39.5,13,56.65
1460980800,39.61,39.96,39.61,39.96,16,57.45
1461067200,40.23,41.5,40.23,41.5,143,64.6
1461153600,41.55,43,41.5,43,90,67.45
1461326400,43,43,42.22,42.5,90,64.05
1461585600,42.3,43.09,42.21,42.95,158,61.4
1461672000,42.95,42.95,42.31,42.73,106,66.55
1461758400,42.72,43,42.5,43,46,66.6
1461844800,42.71,43.5,42.7,43.5,89,68.8
1461931200,43.52,44.4,43.52,43.9,101,71.3
1462190400,44,44,43.75,44,80,74.4
1462276800,44.02,44.8,44.02,44.8,44,74.35
1462363200,44.7,45.1,44.4,45.1,165,81.85
1462449600,45.1,45.35,45,45.35,37,82.95
1462536000,45.35,45.35,45.1,45.3,90,85.8
1462795200,45.5,45.75,45.5,45.75,93,83.45
1462881600,45.45,46.19,45.45,46,147,82.65
1462968000,45.71,46,45.71,45.82,18,77.65
1463054400,46.15,46.5,45.9,46.25,245,89.35
1463140800,46.29,46.99,46.29,46.99,335,105.3
1463400000,42.7,43.69,42.7,43.61,1867,198
1463486400,43.55,43.74,43,43.45,2067,300.55
1463572800,43.4,43.97,43.36,43.95,1293,358.05
1463659200,43.97,45.1,43.86,44.61,4349,571
1463745600,44.6,44.75,43.92,44.01,1548,643.9
1464004800,43.66,44.35,42.26,42.69,3724,822.2
1464091200,42.78,42.96,41.81,41.9,3010,967.4
1464177600,41.98,43.34,41.81,43.09,2827,1106.45
1464350400,43.11,43.85,43.05,43.65,1705,1187.25
1464609600,43.6,43.87,42.32,42.49,2031,1283.75
1464696000,42.2,43,42,42.8,2611,1410.3
1464782400,42.86,43.26,42.5,43.19,2068,1511.5
1464868800,43,43.47,42.58,42.72,2616,1634.05
1464955200,42.65,43.1,41.86,42.32,2651,1764.75
1465214400,42.2,43.19,42.1,42.74,1611,1840.8
1465300800,42.69,42.8,41.8,42.43,2167,1944.5
1465387200,42.4,43.9,42.4,42.79,4674,2170.85
1465473600,42.84,43.55,42.75,43.21,2721,2306
1465560000,43.3,43.77,43.12,43.25,4185,2503
1465819200,43.2,43.99,43.06,43.69,3743,2673.4
1465905600,43.66,43.85,43.4,43.5,2126,2686.35
1465992000,43.55,43.6,42.81,42.94,4054,2785.7
1466078400,42.9,42.91,42.01,42.07,2781,2860.1
1466164800,42.13,42.75,41.87,42.68,1539,2719.6
1466424000,42.7,43.1,42.06,42.19,1711,2727.75
1466510400,42.15,42.15,40.09,40.12,5303,2806.7
1466596800,40.13,40.38,39.6,40.09,4579,2885.15
1466683200,40.2,40.95,39.85,40.39,3028,2895.2
1466769600,40.42,40.5,39.8,40.34,3489,2984.4
1467028800,40.7,41.6,40.31,41.12,2535,3009.6
1467115200,41.07,41.96,41.05,41.69,4074,3082.75
1467201600,41.72,41.78,40.5,40.66,3645,3161.6
1467288000,40.8,41,39.55,39.72,3362,3198.9
1467374400,39.71,40.2,39.56,39.79,2091,3170.9
1467633600,39.8,39.95,39.27,39.75,412,3110.95
1467720000,39.75,40.6,39.6,40.49,4539,3229.55
1467806400,40.47,40.73,40.26,40.6,1412,3066.45
1467892800,40.6,42.6,40.55,42.21,3509,3105.85
1467979200,42.36,44.3,42.35,44.05,3182,3055.7
1468238400,44.15,44.18,43.55,43.7,1961,2966.6
1468324800,43.74,43.95,43,43.64,3020,3011.3
1468411200,43.76,45.04,43.76,44.97,5687,3092.95
1468497600,44.8,45.87,44.8,45.48,4708,3189.3
1468584000,47.49,47.7,46.8,47.7,261,3125.4
1468843200,47.7,48.25,47.6,48.14,654,3072.55
1468929600,48.14,48.35,47.6,47.8,537,2834.25
1469016000,47.72,47.85,46.62,47.1,1103,2660.45
1469102400,47.15,48.1,47.1,47.75,1181,2568.1
1469188800,48,48.14,47.7,47.77,758,2431.55
1469448000,47.77,48.3,47.4,48.3,912,2350.4
1469534400,48.35,49.65,48.3,49.4,780,2185.7
1469620800,49.8,50.1,49.6,49.89,1342,2070.55
1469707200,49.81,49.81,48.5,48.65,1374,1971.15
1469793600,48.65,48.65,47.75,48.6,1684,1950.8
1470052800,48.85,49,48.4,48.92,666,1963.5
1470139200,48.99,48.99,46.5,46.66,3012,1887.15
1470225600,46.78,47.27,46.15,46.77,1032,1868.15
1470312000,46.8,46.8,45.61,45.89,1050,1745.2
1470398400,45.85,46.2,45.62,46.05,655,1618.85
1470657600,45.8,46.4,45.4,46.03,417,1541.65
1470744000,46.12,47,46.08,46.27,810,1431.15
1470830400,46.01,46.3,45.3,45.44,1252,1209.4
1470916800,45.05,45.18,43.85,43.92,1797,1063.85
1471003200,43.81,44.37,43.8,44.13,2567,1179.15
1471262400,44.13,45.24,44.13,44.84,603,1176.6
1471348800,44.69,45.3,44.31,44.45,815,1190.5
1471435200,44.2,44.3,43.01,43.9,841,1177.4
1471521600,44,44.6,43.95,44.2,941,1165.4
1471608000,44.1,44.15,43.5,43.88,348,1144.9
1471867200,43.95,44.25,43.71,43.84,273,1112.95
1471953600,43.65,44.2,43.2,44.09,938,1120.85
1472040000,44.14,44.7,43.7,43.74,451,1076.3
1472126400,43.66,43.75,42.14,42.23,1412,1078.2
1472212800,42.15,42.21,40.15,41.26,1243,1056.15
1472472000,41.35,41.7,41,41.58,339,1039.8
1472558400,41.88,42,40.81,40.92,827,930.55
1472644800,40.81,40.99,40.35,40.42,368,897.35
1472731200,40.11,40.6,39.6,39.72,1235,906.6
1472817600,40.1,41.7,39.81,41.7,1093,928.5
1473076800,43.15,43.78,41.47,41.58,2584,1036.85
1473163200,41.58,42.5,41.12,42.14,859,1039.3
1473336000,42.16,42.6,41.56,41.97,1104,1031.9
1473422400,42,42.1,40.8,41.74,1107,997.4
1473681600,41.98,43,41.75,42.7,1424,940.25
1473768000,42.75,42.87,42.1,42.82,920,956.1
1473854400,42.9,43.33,42.8,43.2,1189,974.8
1473940800,43.38,43.4,42.8,42.85,64,935.95
1474027200,42.81,42.81,42.1,42.35,450,911.4
1474286400,42.25,42.5,42.2,42.35,190,903.5
1474372800,42.45,42.48,42,42,413,910.5
1474459200,42.2,42.2,41.42,41.42,364,881.8
1474545600,41.39,41.8,41.1,41.15,272,872.85
1474632000,41.39,41.4,40.5,40.6,370,820.75
1474891200,40.6,40.6,40.2,40.4,194,768.3
1474977600,40.3,40.6,40.15,40.6,254,764.05
1475064000,40.6,41.1,40.46,40.85,497,747.55
1475150400,40.8,42.25,40.8,41.91,1073,782.8
1475236800,42.2,43.2,41.5,42.87,626,752.35
1475496000,42.8,43.99,42.8,43.89,758,735.6
1475582400,43.89,44.3,43.6,44.21,1040,658.4
1475668800,44.29,44.33,43.6,43.76,428,636.85
1475755200,43.7,44.2,43.06,43.2,1359,649.6
1475841600,43.01,43.8,43,43.25,212,604.85
1476100800,43.5,43.65,42.97,43.1,149,541.1
1476187200,43.06,43.8,43.06,43.59,280,509.1
1476360000,43.51,43.59,43.15,43.28,283,463.8
1476446400,43.44,43.7,43.31,43.31,237,472.45
1476702000,43.36,43.39,42.31,42.31,885,494.2
1476788400,42.49,42.8,41.21,41.51,1095,539.45
1476874800,41.4,41.59,40.95,41.16,741,555.85
1476961200,41.16,41.45,40.82,40.95,371,556.2
1477047600,40.96,40.97,40.41,40.55,878,586.5
1477306800,40.41,40.7,40.05,40.2,794,607.7
1477393200,40.15,40.24,39.75,39.79,1040,650
1477479600,39.8,40.3,39.7,40.04,851,679.85
1477566000,40.04,40.89,40.04,40.66,1241,717.05
1477652400,40.68,41.89,40.6,41.69,1175,722.15
1477911600,41.75,42,41.5,41.9,680,724.85
1477998000,41.9,42.35,40.8,41,1830,778.45
1478170800,41,41.5,40.15,40.61,1910,821.95
1478257200,40.65,40.79,39.82,39.9,1515,876.3
1478516400,39.77,39.99,39,39.01,2049,910.8
1478602800,38.91,39.35,38.6,38.65,1355,967.95
1478689200,38.65,38.8,38.3,38.4,1409,1030.95
1478775600,38.4,38.99,38.05,38.51,2480,1140.95
1478862000,38.6,39.3,38.16,38.89,1799,1216.75
1479121200,39.32,39.8,39.2,39.52,1012,1255.5
1479294000,37.81,38,37.81,38,236,1223.05
1479380400,37.9,37.9,37.51,37.55,809,1208.75
1479466800,37.31,37.65,37.3,37.5,225,1182.95
1479726000,37.5,37.5,37.2,37.45,278,1178.3
1479812400,37.55,38,37.3,37.7,325,1150.65
1479898800,37.55,37.82,37.31,37.63,114,1116.65
1479985200,37.46,37.9,37.46,37.9,204,1074.85
1480071600,37.9,37.9,37.49,37.49,234,1044
1480330800,37.75,37.77,37.37,37.37,136,988.75
1480417200,37.35,37.7,37.3,37.34,256,942.8
1480503600,37.35,38,37.03,38,253,921.45
1480590000,37.7,38.93,37.64,38.93,459,852.9
1480676400,38.5,38.65,38.3,38.4,561,785.45
1480935600,37.99,38.5,37.91,38.5,311,725.25
1481022000,38.49,38.9,38.49,38.66,259,635.75
1481108400,38.75,38.8,38.3,38.3,425,589.25
1481194800,38.2,38.2,37.76,38.01,245,531.05
1481281200,38.1,38.5,37.52,37.65,335,423.8
1481540400,37.65,37.65,37.25,37.53,146,341.15
1481626800,38.2,38.2,37.33,37.59,476,314.35
1481713200,37.6,37.8,37.45,37.54,248,314.95
1481799600,37.67,37.7,37.5,37.51,203,284.65
1481886000,37.45,37.47,37.11,37.11,321,289.45
1482145200,37.2,37.2,36.81,36.91,429,297
1482231600,36.86,37,36.83,36.99,210,291.25
1482318000,36.81,36.85,36.5,36.58,752,323.15
1482404400,36.5,36.5,35.8,35.8,772,351.55
1482490800,35.8,35.9,35.5,35.7,352,357.45
1482750000,35.7,35.7,35.3,35.7,164,358.85
1482836400,35.7,35.98,35.4,35.81,235,357.8
1482922800,35.66,35.98,35.66,35.85,165,353.4
1483009200,35.85,35.85,35,35.8,417,351.3
1483354800,35.67,35.95,35.55,35.61,87,327.6
1483441200,35.56,35.9,35.46,35.48,281,326.1
1483527600,35.6,35.65,35.25,35.3,813,353.8
1483614000,35.35,35.36,34.92,35.06,821,373.6
1483700400,35.1,35.45,35.05,35.08,821,402.4
1483959600,34.86,35.01,34.34,34.41,1111,441.2
1484046000,34.37,34.37,33.8,33.88,1184,493.1
1484132400,33.85,34.25,33.41,33.98,934,516
1484218800,34,34.6,33.7,34.22,1512,579.2
1484305200,34.25,34.85,34.16,34.73,1823,660.2
1484564400,33.44,33.8,33.44,33.5,314,659.85
1484650800,33.51,34,33.5,34,442,660.5
1484737200,34.05,35.35,34,34.7,664,683.2
1484823600,34.67,34.86,34.13,34.15,496,670.4
1484910000,34.12,34.2,33.45,33.59,823,672.95
1485169200,33.6,34.18,33.59,34,361,673.4
1485255600,34.09,34.95,33.8,33.8,506,690.5
1485428400,33.8,34.04,33.3,33.46,411,699.3
1485514800,33.46,33.8,33.04,33.7,347,708.4
1485774000,33.7,33.7,32.56,32.56,445,709.8
1485860400,32.9,32.9,32.5,32.67,464,728.65
1485946800,32.97,32.97,32.5,32.6,244,726.8
1486033200,32.51,32.51,32.08,32.15,1062,739.25
1486119600,32.3,32.6,32,32.48,565,726.45
1486378800,32.48,33.09,32.34,32.43,183,694.55
1486465200,32.25,32.3,31.95,32.27,558,666.9
1486551600,32.14,32.38,32.05,32.25,213,618.35
1486638000,32.34,32.5,32.1,32.27,535,598.4
1486724400,32.34,32.9,32.3,32.79,733,559.45
1486983600,32.9,33.05,32.4,32.63,454,491
1487070000,32.75,32.95,32.3,32.4,483,499.45
1487156400,32.39,32.4,31.5,31.5,2093,582
1487242800,31.6,31.6,31,31.13,1783,637.95
1487329200,31.25,31.5,31.15,31.2,1543,690.3
1487592000,31.25,31.4,30.5,30.81,761,687.2
1487678400,30.81,30.95,30.51,30.8,599,699.1
1487764800,30.91,31.42,30.85,31,1443,745.95
1487851200,30.91,31.42,30.85,31.1,1443,797.55
1487937600,31.18,31.18,30.86,30.95,497,805.05
1488369600,31,31.62,31,31.44,583,811.95
1488456000,31.57,31.88,31.26,31.8,939,835.7
1488542400,31.78,32.09,31.7,31.81,566,851.8
1488801600,31.78,32.2,31.61,32.11,508,824.1
1488888000,32.12,32.15,31.31,31.31,1349,863.3
1488974400,31.25,31.48,31.03,31.24,869,897.6
1489060800,31.2,31.29,30.7,30.7,1435,941.45
1489147200,30.69,31.09,30.62,30.98,804,971
1489406400,30.98,31.2,30.95,31,490,968.75
1489492800,31,31.05,30.53,30.53,1771,1020.65
1489579200,30.06,30.13,30.06,30.13,0,997.95
1489665600,30.13,30.13,30.12,30.12,0,973.8
1489752000,30.12,30.12,29.79,29.79,0,869.15
1490011200,29.79,29.79,29.15,29.15,0,780
1490097600,29.15,29.24,29.15,29.24,0,702.85
1490184000,29.24,29.24,28.15,28.15,0,664.8
1490270400,28.15,28.15,27.85,27.85,0,634.85
1490356800,27.85,27.85,27.58,27.58,0,562.7
1490616000,27.58,28.12,27.58,28.12,0,490.55
1490702400,28.12,28.12,27.89,27.89,0,465.7
1490788800,27.89,28.15,27.89,28.15,0,436.55
1490875200,28.15,28.15,28.05,28.05,0,389.6
1490961600,28.05,28.17,28.05,28.17,0,361.3
1491220800,28.17,28.17,27.71,27.71,0,335.9
1491307200,27.71,27.71,27.16,27.16,0,268.45
1491393600,27.16,27.19,27.16,27.19,0,225
1491480000,27.19,27.19,27.12,27.12,0,153.25
1491566400,27.12,27.21,27.12,27.21,0,113.05
1491825600,27.21,27.49,27.21,27.49,0,88.55
1491912000,27.49,27.49,27.31,27.31,0,0
1491998400,27.31,27.31,27.22,27.22,0,0
1492084800,27.22,27.43,27.22,27.43,0,0
1492430400,27.43,27.61,27.43,27.61,0,0
1492516800,27.61,27.96,27.61,27.96,0,0
1492603200,27.96,28.19,27.96,28.19,0,0
1492689600,28.19,28.19,27.73,27.73,0,0
1493035200,27.73,27.84,27.73,27.84,0,0
1493121600,27.89,27.89,27.89,27.89,0,0
1493208000,27.89,27.89,27.62,27.62,0,0
1493294400,27.62,27.71,27.62,27.71,0,0
1493380800,27.71,27.71,27.7,27.7,0,0
1493726400,27.7,27.82,27.7,27.82,0,0
1493812800,27.82,27.82,27.8,27.8,0,0
1493899200,27.8,27.8,27.79,27.79,0,0
1493985600,27.79,27.79,27.77,27.77,0,0
1494244800,27.77,27.77,27.54,27.54,0,0
1494331200,27.54,27.54,27.39,27.39,0,0
1494417600,27.39,27.39,27.3,27.3,0,0
1494504000,27.3,27.39,27.3,27.39,0,0
1494590400,27.39,27.39,27.34,27.34,0,0
1494849600,26.74,26.95,26.41,26.92,2803,140.15
1494936000,26.85,26.96,26.71,26.8,1419,211.1
1495022400,26.8,26.85,26.55,26.81,2508,336.5
1495108800,26.7,28.15,26.7,27.96,6751,674.05
1495195200,28.1,28.3,27.55,27.73,2951,821.6
1495454400,27.6,27.95,27.6,27.75,1544,898.8
1495540800,27.63,27.63,27.1,27.26,2298,1013.7
1495627200,27.1,27.32,26.91,27.01,2552,1141.3
1495713600,26.91,27.1,26.81,26.96,2135,1248.05
1495800000,26.9,27.03,26.75,26.94,1365,1316.3
1496059200,26.93,27.2,26.93,27.13,1937,1413.15
1496145600,27.08,27.1,26.75,26.8,1835,1504.9
1496232000,26.78,27.05,26.71,26.9,1389,1574.35
1496318400,26.87,26.88,26.44,26.75,2982,1723.45
1496404800,26.73,26.89,26.6,26.78,1139,1780.4
1496664000,26.71,27.11,26.7,26.98,2338,1897.3
1496750400,27,27.1,26.9,26.99,1542,1974.4
1496836800,26.95,27.5,26.81,27.39,3150,2131.9
1496923200,27.39,27.69,27.26,27.52,3414,2302.6
1497009600,27.48,27.68,27.26,27.46,2764,2440.8
1497268800,27.37,27.45,27.04,27.17,1658,2383.55
1497355200,27.06,27.2,26.88,27.19,1927,2408.95
1497441600,27.18,27.33,26.94,27.02,1930,2380.05
1497614400,26.99,27.1,26.84,27.04,1607,2122.85
1497873600,27,27.02,26.75,26.84,1786,2064.6
1497960000,26.76,26.9,26.62,26.77,3210,2147.9
1498046400,26.72,26.8,26.51,26.66,2541,2160.05
1498132800,26.64,26.65,26.31,26.37,2602,2162.55
1498219200,26.36,26.47,26.12,26.22,2631,2187.35
1498478400,26.12,26.28,25.57,25.6,2910,2264.6
1498564800,25.65,25.7,25.15,25.18,3656,2350.55
1498651200,25.2,25.42,25.03,25.33,3708,2444.2
1498737600,25.42,25.65,25.29,25.63,2927,2521.1
1498824000,25.58,25.87,25.35,25.84,4036,2573.8
1499083200,25.84,26.38,25.61,26.25,3225,2678.1
1499169600,26.19,26.57,26.15,26.52,2700,2696.2
1499256000,26.5,26.57,26.1,26.22,4090,2823.6
1499342400,26.15,26.23,25.77,25.92,1983,2765.25
1499428800,25.86,26.14,25.86,26.09,1728,2680.95
1499688000,26,27,25.95,26.97,5528,2819.15
1499774400,27.01,27.62,26.67,27.51,5111,2991.8
1499860800,27.43,27.49,26.3,26.37,4571,3124
1499947200,26.49,26.52,25.8,25.99,2712,3163.1
1500033600,25.86,26.4,25.86,26.39,1923,3178.9
1500292800,27.63,27.9,27.55,27.81,32,3091.2
1500379200,27.88,28.32,27.88,28.3,497,2955.55
1500465600,28.14,28.42,28.11,28.35,105,2833.75
1500552000,28.69,28.88,28.6,28.66,274,2717.35
1500638400,28.4,28.4,28.2,28.24,189,2595.25
1500897600,28.21,28.21,27.76,28.04,215,2460.5
1500984000,28.05,28.13,27.79,27.95,277,2291.55
1501070400,27.85,28,27.61,28,213,2116.8
1501156800,27.9,28.1,27.7,27.9,128,1976.85
1501243200,27.95,28.1,27.95,28.1,84,1779.25
1501502400,28.07,28.13,27.85,28.13,51,1620.55
1501588800,28.1,28.1,27.8,27.95,292,1500.15
1501675200,28.05,28.15,28.05,28.09,39,1297.6
1501761600,28,28.4,27.8,28.32,314,1214.15
1501848000,28.34,29.19,27.9,28.21,973,1176.4
1502107200,28.35,28.82,28.2,28.7,194,909.7
1502193600,28.65,28.98,28.61,28.79,417,675
1502280000,28.79,28.95,28.4,28.51,1538,523.35
1502366400,28.56,28.7,28.2,28.23,1869,481.2
1502452800,28.3,28.33,28.15,28.24,426,406.35
1502712000,28.43,28.45,28.2,28.33,588,434.15
1502798400,28.3,28.65,28.3,28.58,1287,473.65
1502884800,28.56,28.9,28.56,28.74,740,505.4
1502971200,28.71,29.15,28.7,29.13,666,525
1503057600,29.48,29.65,29.2,29.65,918,561.45
1503316800,29.6,29.91,29.4,29.81,589,580.15
1503403200,29.83,29.83,28.84,29.1,1039,618.25
1503489600,28.4,28.9,28.4,28.78,347,624.95
1503576000,28.71,29.15,28.64,29.1,483,642.7
1503662400,29.01,29.24,28.75,28.93,253,651.15
1503921600,28.84,29.07,28.65,28.82,384,667.8
1504008000,28.82,29.02,28.73,28.91,354,670.9
1504094400,28.95,28.97,28.76,28.92,820,709.95
1504180800,29,29.65,28.99,29.48,1132,750.85
1504267200,29.5,29.96,29.1,29.18,1058,755.1
1504526400,29.01,29.3,28.77,28.85,580,774.4
1504612800,28.94,29.65,28.85,29.38,1324,819.75
1504699200,29.54,29.7,29.21,29.57,613,773.5
1504872000,29.76,29.8,29.33,29.63,911,725.6
1505131200,29.6,29.6,29.4,29.5,961,752.35
1505217600,29.55,29.79,29.4,29.54,1437,794.8
1505304000,29.54,29.61,29.44,29.55,1058,783.35
1505390400,29.58,29.94,29.54,29.85,1130,802.85
1505476800,31.99,32.84,31.95,32.62,705,804.8
1505736000,32.51,32.7,32.05,32.47,365,777.15
1505822400,32.5,32.65,32.38,32.38,198,757.6
1505908800,32.54,33.49,32.54,33.49,461,728.7
1505995200,33.5,33.99,33.3,33.39,664,744.55
1506081600,33.15,33.4,32.75,32.82,556,748.2
1506340800,32.84,33,32.35,32.5,527,761.9
1506427200,32.49,32.49,31.8,31.9,956,790.5
1506513600,31.97,32.57,31.97,32.26,332,789.4
1506600000,32.58,33.04,32.5,32.65,664,781.6
1506686400,32.6,32.6,32.16,32.54,446,747.3
1506945600,32.55,32.55,32.35,32.55,76,698.2
1507032000,32.5,32.72,32.5,32.6,546,696.5
1507118400,32.6,32.67,32.25,32.4,292,644.9
1507204800,32.4,32.6,32.4,32.48,186,623.55
1507291200,32.4,32.85,32.3,32.6,793,617.65
1507550400,32.61,33,32.6,33,442,591.7
1507636800,33.19,33.35,33.05,33.32,1296,584.65
1507723200,33.1,33.48,33,33.28,841,573.8
1507896000,33.2,33.45,33.15,33.37,527,543.65
1508151600,33.4,33.6,33.34,33.49,346,525.7
1508238000,33.57,33.89,33.41,33.41,725,543.7
1508324400,33.41,33.5,33.23,33.23,998,583.7
1508410800,33.3,33.3,32.32,32.32,1380,629.65
1508497200,32.34,32.4,32.11,32.33,709,631.9
1508756400,32.35,32.9,32.28,32.83,498,629
1508842800,32.83,33.25,32.83,33.16,513,628.3
1508929200,33.08,33.15,32.81,32.83,444,602.7
1509015600,32.82,33.05,32.72,33.03,321,602.15
1509102000,32.99,33.07,32.82,32.84,198,578.85
1509361200,32.89,32.99,32.83,32.93,99,561.5
1509447600,33.05,33.28,32.97,33.09,634,589.4
1509534000,33.1,33.35,33.05,33.2,604,592.3
1509706800,33.17,33.68,33.15,33.44,1258,640.6
1509966000,33.55,33.6,33.27,33.48,326,647.6
1510052400,33.35,33.44,33.17,33.28,365,626.2
1510138800,33.3,33.52,33.09,33.09,1541,681.15
1510225200,33.1,33.15,32.84,32.85,979,665.3
1510311600,32.82,33,32.73,32.79,872,666.85
1510570800,33.09,33.25,33,33.04,872,684.1
1510657200,33.15,33.15,32.9,32.96,1688,751.2
1510830000,33.9,33.9,33.71,33.8,221,726
1510916400,33.72,33.72,33.52,33.6,295,690.85
1511262000,33.55,33.6,33.37,33.49,394,641.55
1511348400,33.4,33.5,33.3,33.31,137,612.95
1511434800,33.4,33.69,33.4,33.68,115,593.8
1511521200,33.6,33.65,33.5,33.53,266,581.45
1511780400,33.57,33.7,33.45,33.45,187,568.6
1511866800,33.5,33.5,33.31,33.4,293,567.2
1511953200,33.47,33.51,33.3,33.51,820,598.3
1512039600,33.55,33.8,33.53,33.75,505,618.6
1512126000,33.75,33.75,33.63,33.63,105,592.15
1512385200,33.64,33.9,33.64,33.75,122,568.05
1512471600,32.75,33.82,32.75,33.7,552,532.75
1512558000,33.6,33.6,33.55,33.59,55,519.2
1512644400,33.52,33.77,33.52,33.73,501,526
1512730800,33.66,33.68,33.65,33.68,34,450.65
1512990000,33.59,33.65,33.58,33.65,15,402.45
1513076400,33.65,33.97,33.65,33.8,589,388.3
1513162800,33.9,33.93,33.8,33.87,196,354.5
1513249200,34,34,33.9,33.98,36,271.9
1513335600,33.97,34.1,33.88,34,114,266.55
1513594800,34.2,34.2,34,34,655,284.55
1513681200,34,34.16,34,34.16,720,300.85
1513767600,34.15,34.25,34,34,481,318.05
1513854000,34.01,34.01,33.89,33.98,248,324.7
1513940400,33.84,34.09,33.51,34.09,161,319.45
1514286000,33.9,33.95,33.9,33.9,3,310.25
1514372400,34.1,34.17,34.09,34.09,100,300.6
1514458800,34.2,34.21,34.12,34.14,234,271.3
1514890800,34.4,34.4,34.07,34.1,356,263.85
1514977200,34.05,34.25,33.85,34.1,628,290
1515063600,34.01,34.24,33.9,34.02,277,297.75
1515150000,34.05,34.05,33.6,33.7,469,293.6
1515409200,33.55,33.55,33.4,33.51,516,316.65
1515495600,33.5,33.5,33.2,33.29,640,323.6
1515582000,33.21,33.27,32.55,32.69,2745,459.15
1515668400,32.8,32.9,32.4,32.48,1095,513.15
1515754800,32.41,32.59,32.2,32.23,1114,539.4
1516014000,32.19,32.44,32.15,32.16,166,537.9
1516100400,32.11,32.11,31.7,31.7,652,568.7
1516186800,31.74,32.32,31.65,32.14,770,601.5
1516273200,32.1,32.6,32.1,32.5,452,591.35
1516359600,32.59,32.88,32.44,32.75,380,574.35
1516618800,32.8,33.08,32.65,33.07,389,569.75
1516705200,33.1,33.3,32.76,32.81,298,572.25
1516791600,32.75,32.9,32.7,32.76,457,587.05
1516964400,32.81,32.81,32.51,32.54,734,623.6
1517223600,32.8,32.99,32.74,32.99,684,652.8
1517310000,32.71,33.17,32.71,32.78,707,676.45
1517396400,32.76,32.9,32.65,32.81,199,668.6
1517482800,33,33.05,32.9,32.9,137,644.05
1517569200,32.94,33.14,32.85,32.9,165,638.45
1517828400,32.99,33.24,32.9,33.2,622,646.1
1517914800,33.15,33.35,33.15,33.33,581,649.35
1518001200,33.21,33.46,33.21,33.36,478,641.25
1518087600,33.45,33.6,33.31,33.5,316,519.8
1518174000,33.26,33.3,33.26,33.3,18,465.95
1518606000,33.26,33.52,33.26,33.37,471,433.8
1518692400,33.45,33.65,33.3,33.57,195,435.25
1518778800,33.58,34.03,33.58,34,940,449.65
1519041600,34.01,34.28,34.01,34.2,451,433.7
1519128000,34.2,34.7,34.2,34.7,869,454.55
1519214400,34.72,35.41,34.7,35.41,932,482.15
1519300800,35.31,35.7,35.15,35.15,973,511.35
1519387200,35.17,36.15,35.1,36.08,1602,576.55
1519646400,37.84,37.87,37.51,37.61,2042,655.8
1519732800,38.15,38.29,38.11,38.18,1899,714.05
1519819200,36.75,37.23,36.75,37.03,5106,935.15
1519905600,37.47,37.53,37.44,37.44,2048,1002.2
1519992000,38.3,38.32,38.26,38.32,2296,1107.05
1520251200,38.26,38.33,38.09,38.09,3680,1284.2
1520337600,38.16,38.16,37.89,37.93,3991,1475.5
1520424000,37.19,37.26,37.16,37.26,3133,1601.05
1520510400,37.9,37.95,37.9,37.9,2529,1698.45
1520596800,38.19,38.22,38.11,38.11,2358,1792.45
1520856000,38.07,39.13,37.5,39.13,3494,1951.35
1520942400,39.23,41.08,39.23,41.08,7978,2349.35
1521028800,41.35,41.72,40.35,40.46,7447,2698.15
1521115200,38.47,38.47,37.06,37.06,0,2688.4
1521201600,37.01,37.05,37.01,37.05,16,2642.2
1521460800,37.1,37.1,36.53,36.53,15,2620.4
1521547200,37.7,37.97,37.2,37.97,13,2577.6
1521633600,38.2,38.2,37.38,37.38,15,2531.75
1521720000,37.37,37.78,36.86,36.86,53,2485.75
1521806400,37.99,37.99,36.68,36.68,23,2406.8
1522065600,36.7,36.78,36.7,36.78,29,2306.15
1522152000,36.7,36.7,36.65,36.65,0,2211.2
1522238400,36.65,36.65,36.4,36.4,0,1955.9
1522324800,36.5,36.5,36.4,36.4,26,1854.8
1522670400,36.58,36.65,36.58,36.65,10,1740.5
1522756800,36.93,36.93,36.75,36.85,27,1557.85
1522843200,37.19,37.2,36.83,36.85,3,1358.45
1522929600,37,37.44,36.9,37.44,30,1203.3
1523016000,37.6,37.7,37.6,37.7,4,1077.05
1523275200,37.6,38,37.6,38,0,959.15
1523361600,38,38,37.57,37.57,0,784.45
1523448000,37.79,37.79,36.62,36.62,2,385.65
1523534400,36.7,37.05,36.7,37.05,15,14.05
1523620800,36.95,36.99,36.95,36.99,22,15.15
1523880000,36.95,36.95,36.91,36.91,0,14.35
1523966400,36.91,37,36.91,37,0,13.6
1524052800,37.05,37.05,36.73,36.73,12,13.55
1524139200,37.05,37.05,36.39,36.39,0,12.8
1524225600,36.39,36.39,36.25,36.25,0,10.15
1524484800,37.21,37.6,37,37.6,40,11
1524571200,38.29,38.29,38.18,38.18,8,9.95
1524657600,38.3,39.05,38.3,39.05,49,12.4
1524744000,38.8,39,38.8,38.9,3,12.55
1524830400,38.8,39,38.8,38.96,0,11.25
1525089600,39.4,39.69,39.4,39.69,4,10.95
1525262400,39.35,41.21,39.35,41.21,44,11.8
1525348800,41.18,41.45,41.18,41.45,23,12.8
1525435200,41.26,41.26,40.62,40.62,11,11.85
1525694400,41,41.14,41,41.14,20,12.65
1525780800,42,42.12,41.04,41.69,169,21.1
1525867200,41.6,41.8,41.6,41.79,11,21.65
1525953600,42.36,42.36,41.58,41.58,43,23.7
1526040000,41.86,41.86,41.11,41.11,70,26.45
1526299200,41.86,41.95,41.2,41.95,0,25.35
1526385600,40.35,40.98,40.3,40.81,3353,193
1526472000,40.8,41.17,40.75,41.05,3486,367.3
1526558400,41.05,41.55,40.69,41.49,3754,554.4
1526644800,41.56,42.35,41.4,42.29,4910,799.9
1526904000,42.3,42.47,41.35,41.88,5258,1062.8
1526990400,41.88,42.2,41.43,41.69,3904,1256
1527076800,41.65,41.99,41.07,41.36,4604,1485.8
1527163200,41.34,41.73,41.31,41.57,1431,1554.9
1527249600,41.56,41.83,41.4,41.53,1723,1640.9
1527508800,41.57,41.57,40.5,41.14,2893,1785.55
1527595200,41.28,41.28,40.35,40.64,2040,1887.35
1527681600,40.62,40.81,40.37,40.47,2863,2028.3
1527854400,40.42,40.88,40.31,40.62,1589,2106.6
1528113600,40.73,41.14,40.33,40.33,2008,2206.45
1528200000,40.13,40.21,39.65,39.78,3403,2375.6
1528286400,39.8,40.14,39.76,39.83,2883,2511.3
1528372800,39.78,40.75,39.75,40.56,5747,2798.1
1528459200,40.67,40.67,39.66,39.9,2266,2909.25
1528718400,39.81,39.81,39.11,39.21,2654,3038.45
1528804800,39.18,39.19,37.75,37.8,6571,3367
1528891200,37.72,37.8,36.64,37.39,5202,3459.45
1528977600,37.45,37.5,36.52,37.13,3421,3456.2
1529064000,37.27,37.94,36.9,37.3,2736,3405.3
1529323200,37.25,37.74,37.01,37.44,1021,3210.85
1529409600,37.36,37.4,36.66,36.84,2442,3070.05
1529496000,36.71,36.75,35.8,36.22,4191,3084.4
1529582400,36.23,36.8,35.9,36.5,1820,2945.2
1529668800,36.49,36.98,36.4,36.8,1331,2940.2
1529928000,36.83,36.89,36.16,36.4,1567,2932.4
1530014400,36.4,36.48,35.97,36.33,1106,2843.05
1530100800,36.36,36.8,36.2,36.79,2150,2848.55
1530187200,36.8,37.25,36.6,36.91,1242,2767.5
1530273600,37.14,37.51,36.61,37.21,1509,2763.5
1530532800,37.38,37.8,37,37.09,1420,2734.1
1530619200,37.09,37.43,36.9,37.36,620,2594.95
1530705600,37.45,37.51,37.1,37.37,716,2486.6
1530792000,37.31,37.51,36.95,37.51,533,2225.9
1530878400,37.43,38.5,37.43,38.2,1727,2198.95
1531224000,38.25,38.25,37.24,37.39,2344,2183.45
1531310400,37.26,37.62,37.13,37.47,829,1896.35
1531396800,37.43,38,37.38,37.92,1821,1727.3
1531483200,37.99,38.35,37.71,37.9,2257,1669.1
1531742400,39.82,39.9,39.69,39.89,163,1540.45
1531828800,39.89,40.29,39.89,40.29,128,1495.8
1531915200,40.15,40.74,40.15,40.73,280,1387.7
1532001600,40.89,41.44,40.89,41.4,299,1193.1
1532088000,41.4,41.4,40.75,40.75,76,1105.9
1532347200,41.1,41.25,41,41.21,146,1046.65
1532433600,41.14,41.3,41,41.25,89,972.75
1532520000,41.25,41.79,41.25,41.69,148,924.85
1532606400,41.7,42.25,41.7,42.09,538,844.25
1532692800,42.05,42.55,41.95,42.45,180,791.15
1532952000,42.59,43,42.4,43,386,735
1533038400,42.95,43.2,42.73,42.94,304,679.2
1533124800,42.92,43.2,42.68,42.93,337,665.05
1533211200,43,43.12,42.8,42.9,220,640.25
1533297600,43,43,42.65,42.93,274,627.3
1533556800,42.91,43.45,42.91,43.23,832,582.55
1533643200,43.2,43.84,43.2,43.72,536,492.15
1533729600,43.7,44.1,43.45,43.52,859,493.65
1533816000,43.57,43.71,43.17,43.3,396,422.4
1533902400,43.5,43.55,42.72,42.87,523,335.7
1534161600,42.84,43.01,42.4,42.71,686,361.85
1534248000,42.7,43.05,42.35,42.84,350,372.95
1534334400,42.9,43.47,42.9,43.13,211,369.5
1534420800,43.25,43.45,43.05,43.2,102,359.65
1534507200,43.49,43.7,43.41,43.45,478,379.75
1534766400,43.46,43.7,43.17,43.51,180,381.45
1534852800,43.51,43.8,43.51,43.65,284,391.2
1534939200,43.85,44.25,43.7,43.91,242,395.9
1535025600,43.73,43.9,43.59,43.59,505,394.25
1535112000,43.57,43.8,43.13,43.62,305,400.5
1535371200,43.4,43.51,42.98,42.98,857,424.05
1535457600,43.01,43.07,42.56,42.8,442,430.95
1535544000,42.75,42.87,42.57,42.6,727,450.45
1535630400,42.67,43,42.45,42.57,980,488.45
1535716800,42.55,42.75,42.28,42.75,681,508.8
1535976000,43.19,43.4,42.84,43.4,366,485.5
1536062400,43.55,43.72,43.4,43.5,629,490.15
1536148800,43.49,43.49,42.51,42.69,1632,528.8
1536235200,42.79,42.8,42.08,42.17,1133,565.65
1536580800,42,42,41.41,41.7,1952,637.1
1536667200,41.7,42.15,41.57,41.69,932,649.4
1536753600,41.56,41.74,41.05,41.05,1614,712.6
1536840000,40.91,41.2,40.74,41.2,1024,753.25
1536926400,41.11,41.53,41.1,41.32,809,788.6
1537185600,42.3,42.31,42.1,42.13,147,772.05
1537272000,41.9,42.01,41.5,41.57,516,788.85
1537358400,41.5,41.5,40.7,40.75,448,797.05
1537444800,40.7,40.7,40.1,40.51,409,805.4
1537531200,40.61,41,40.3,40.88,306,795.45
1537790400,41,41.25,40.62,40.62,250,792.7
1537876800,40.52,40.85,40.52,40.76,153,757.5
1537963200,40.6,40.65,40.2,40.38,312,751
1538049600,40.37,40.6,40.27,40.6,263,727.8
1538136000,40.65,41.15,40.58,40.9,338,695.7
1538395200,40.91,41.08,40.62,41.04,109,667.1
1538481600,41.17,41.17,40.84,40.85,710,684.3
1538568000,40.8,40.8,40.17,40.23,1414,723.55
1538654400,40.2,40.3,39.87,39.95,385,661.2
1538740800,39.96,39.96,39.56,39.75,178,613.45
1539000000,39.4,39.8,39.15,39.3,780,554.85
1539086400,39.18,39.18,38.42,38.42,471,531.8
1539172800,38.4,38.54,38,38.01,204,461.3
1539259200,38.07,38.3,37.6,38.19,674,443.8
1539604800,38.2,38.78,38,38.19,280,417.35
1539691200,38.19,38.19,37.65,37.88,310,425.5
1539777600,37.97,38,37.24,37.24,433,421.35
1539864000,37.16,37.16,36.48,36.48,583,428.1
1539950400,36.52,36.55,36.01,36.36,271,421.2
1540209600,36.15,36.46,35.9,35.95,563,434.05
1540296000,36,36.09,35.85,35.96,301,436.6
1540382400,36,36.25,35.85,36.18,267,442.3
1540468800,36.24,36.31,35.81,35.93,852,469.3
1540555200,35.9,36.02,35.59,35.59,658,489.05
1540814400,35.51,35.59,34.84,35.28,467,495.5
1540900800,35.43,36.21,35.4,36.21,590,519.55
1540987200,36.33,36.98,36.2,36.74,740,521.05
1541073600,36.81,37.05,36.55,37.05,503,475.5
1541415600,37.1,37.51,36.67,37.51,278,470.15
1541502000,37.54,39,37.44,37.8,1262,524.35
1541588400,37.89,38.19,37.25,37.52,1053,538
1541674800,37.4,38.26,37.33,38.22,1149,571.9
1541761200,38.25,38.84,38,38.78,1337,628.55
1542020400,38.7,39.25,38.65,38.93,1339,661.8
1542106800,38.8,39.1,38.25,38.73,1350,715.3
1542193200,38.68,38.97,37.66,37.91,1415,770.55
1542366000,37.85,37.85,37.4,37.64,259,761.85
1542625200,37.7,37.8,37.45,37.72,39,734.65
1542798000,38.39,38.39,37.95,38.25,274,734.8
1542884400,38.3,38.6,38.01,38.26,315,722.4
1542970800,38.01,38.01,37.66,37.7,170,715.85
1543230000,37.35,37.94,37.3,37.73,208,712.9
1543316400,37.62,37.98,37.6,37.86,93,674.95
1543402800,37.8,37.88,37.41,37.7,319,658
1543489200,37.79,37.79,37.38,37.38,275,648.4
1543575600,37.49,37.49,36.55,36.9,515,644.65
1543834800,37,37.25,36.87,37.25,88,612.05
1543921200,37.29,37.65,37.01,37.54,789,626.35
1544007600,37.55,37.62,37.2,37.44,308,627.85
1544094000,37.36,37.7,37.3,37.49,138,571.65
1544180400,37.32,37.66,37.32,37.6,333,535.65
1544439600,37.75,37.94,37.33,37.61,618,509.1
1544526000,37.6,38.08,37.6,38.08,453,464.9
1544612400,37.81,38,37.6,37.77,148,405.35
1544698800,37.76,37.77,37.55,37.59,400,357.85
1544785200,37.49,37.89,37.49,37.8,583,316.25
1545044400,37.5,38.14,37.5,38,262,316.4
1545130800,38.03,39.05,38.03,39.05,953,362.1
1545217200,39.5,39.5,38.84,39.05,1276,412.2
1545303600,39.07,39.54,38.9,39.12,1031,448
1545390000,39.2,39.65,39.17,39.61,1045,491.75
1545822000,39.61,39.82,39.32,39.48,571,509.9
1545908400,39.8,39.85,39.52,39.65,370,523.75
1545994800,39.65,39.9,39.41,39.65,967,556.15
1546426800,39.5,39.74,39.15,39.37,502,567.5
1546513200,39.26,39.8,39.26,39.8,800,581.75
1546599600,39.88,40.25,39.66,40.16,2535,704.1
1546858800,40.18,40.3,39.82,39.95,1164,722.85
1546945200,39.95,40.09,39.24,39.24,1658,790.35
1547031600,39.16,39.21,38.65,38.78,1789,872.9
1547118000,38.78,38.95,38.5,38.78,1403,926.4
1547204400,38.84,39.48,38.77,39.44,1198,955.4
1547463600,39.48,40.05,39.31,39.44,1763,1020.9
1547550000,37.73,37.92,37.63,37.63,277,1027.35
1547636400,37.15,37.59,37.13,37.38,231,1018.9
1547722800,37.4,37.55,37.26,37.3,309,1005.2
1547809200,37.22,37.65,37.22,37.65,331,1008.65
1548068400,38.02,38.22,37.65,37.65,163,969.15
1548154800,37.9,38.45,37.85,38.3,350,922.85
1548241200,38.34,38.65,38.2,38.53,347,888.65
1548327600,38.6,38.95,38.46,38.7,493,861.05
1548414000,38.6,38.8,38.6,38.7,1,832.55
1548673200,38.6,39.2,38.6,39.15,553,841.7
1548759600,39.2,39.42,38.89,38.9,0,793.35
1548846000,38.9,38.9,38.33,38.72,0,768.25
1548932400,38.75,39.1,38.45,39.04,0,728.25
1549018800,39,39.13,38.8,38.94,0,601.5
1549278000,38.99,39,38.35,38.55,0,543.3
1549364400,38.5,38.75,38.1,38.63,0,460.4
1549450800,38.42,38.85,38.37,38.65,0,370.95
1549537200,38.53,39.04,38.53,38.8,0,300.8
1549623600,38.71,38.9,38.5,38.6,0,240.9
1549882800,38.61,38.89,38.55,38.7,0,152.75
1549969200,38.76,39.15,38.65,39.08,0,138.9
1550055600,39.1,39.49,39.05,39.45,0,127.35
1550142000,39.4,39.6,39.12,39.43,0,111.9
1550228400,39.31,39.48,39.05,39.34,0,95.35
1550491200,39.5,39.8,39.34,39.34,1009,137.65
1550577600,39.81,39.92,39.6,39.84,998,170.05
1550664000,39.75,39.99,39.31,39.62,1294,217.4
1550750400,39.79,39.79,39.44,39.69,291,207.3
1550836800,39.52,39.75,39.31,39.57,610,237.75
1551096000,39.73,40.08,39.7,40,0,210.1
1551182400,39.99,40.2,39.72,39.95,0,210.1
1551268800,40.02,40.02,39.51,39.6,0,210.1
1551355200,39.69,39.69,39.17,39.4,0,210.1
1551441600,39.5,39.65,39.35,39.44,0,210.1
1551873600,39.6,39.6,39.49,39.49,7,210.45
1551960000,39.3,39.36,39.3,39.36,1,210.5
1552046400,39.14,39.17,39.14,39.17,3,210.65
1552305600,37.79,37.79,37.79,37.79,1,210.7
1552392000,37.39,37.39,37.39,37.39,1,210.75
1552478400,37.39,37.58,36.9,36.98,0,210.75
1552564800,36.9,36.95,36.46,36.76,0,210.75
1552651200,34.99,34.99,34.66,34.95,0,210.75
1552910400,34.1,34.4,34.1,34.25,0,210.75
1552996800,34.17,34.17,33.21,33.57,0,210.75
1553083200,33.05,33.6,33.05,33.46,0,160.3
1553169600,33.77,34,33.65,33.7,0,110.4
1553256000,34.05,34.5,34.05,34.45,0,45.7
1553515200,34.65,34.9,34.65,34.75,0,31.15
1553601600,34.52,34.8,34.15,34.34,0,0.65
1553688000,34.51,34.75,34.51,34.7,29,2.1
1553774400,34.8,34.8,34.32,34.57,308,17.5
1553860800,34.51,34.51,33.8,33.81,535,44.25
1554120000,33.55,33.85,33.2,33.53,166,52.55
1554206400,33.5,34.05,33.5,33.62,267,65.9
1554292800,33.8,33.8,33.4,33.6,43,67.7
1554379200,33.7,33.73,33.5,33.51,58,70.55
1554465600,33.51,33.55,33.42,33.45,101,75.45
1554724800,33.5,33.5,33.47,33.47,4,75.6
1554811200,33.38,33.55,33.2,33.4,301,90.6
1554897600,33.49,33.5,33.4,33.4,133,97.25
1554984000,33.3,33.55,33.3,33.45,238,109.15
1555070400,33.45,33.45,32.98,33.19,137,116
1555329600,33.06,33.25,32.73,32.97,329,132.45
1555416000,33.15,33.15,32.7,32.84,223,143.6
1555502400,32.73,32.75,32.66,32.68,56,146.4
1555588800,32.48,32.5,32.18,32.18,45,148.65
1555934400,32.13,32.13,31.8,32.1,650,181.15
1556020800,32.1,32.28,32,32.02,350,198.65
1556107200,31.92,32.19,31.9,32.08,50,201.15
1556193600,32.08,32.15,31.51,31.61,379,218.65
1556280000,31.28,31.7,31.28,31.28,319,219.2
1556539200,31.4,31.4,30.85,30.85,232,204.05
1556625600,30.9,31,30.7,30.7,572,224.35
1556798400,30.61,30.9,30.61,30.9,316,226.8
1556884800,30.88,31.25,30.88,31.18,220,235.65
1557144000,31.16,31.3,30.66,31.03,176,241.55
1557230400,30.9,31.19,30.9,31.1,113,242.15
1557316800,31.18,31.4,30.9,31.1,45,244.2
1557403200,31.15,31.3,30.4,30.79,222,240.25
1557489600,31.17,31.2,31,31.08,144,240.8
1557748800,31.15,31.65,31.15,31.5,167,237.25
1557835200,31.7,32.37,31.7,32.25,260,243.4
1557921600,32.53,33.55,32.5,33.1,4028,428.35
1558008000,33.26,34.58,33.26,34.39,2746,554.5
1558094400,34.45,35.95,34.4,35.88,7307,917.05
1558353600,35.89,37.1,35.81,36.39,3198,1074.7
1558440000,36.39,36.75,35.53,35.97,6103,1347.35
1558526400,35.82,35.94,34.77,35.41,3471,1503.4
1558612800,35.48,36.09,34.81,34.97,2066,1604.2
1558699200,34.65,35.85,34.38,35.76,2141,1692.3
1558958400,35.85,37.39,35.72,37.32,3931,1872.9
1559044800,37.5,38.45,37.39,38.37,3620,2042.3
1559131200,38.81,40.29,37.8,38.22,6143,2320.85
1559217600,38.01,39.46,37.9,39.28,3190,2464.55
1559304000,39.3,39.5,38.43,38.84,3290,2618.05
1559563200,38.85,39.41,38.25,38.48,1832,2700.85
1559649600,39.25,39.4,37.51,37.65,4447,2917.55
1559736000,37.5,37.54,36.65,36.9,5055,3168.05
1559822400,36.83,37.2,35.63,37.08,5279,3420.9
1559908800,37.29,37.49,36.55,36.89,1631,3495.25
1560168000,36.7,36.85,36.25,36.54,1553,3564.55
1560254400,36.6,37.19,35.77,37.1,4656,3784.35
1560340800,37.1,38.49,36.94,38.44,4888,3827.35
1560427200,38.5,39.31,38.4,39.23,5601,3970.1
1560513600,39.29,39.62,39.1,39.55,2411,3725.3
1560772800,39.39,40.37,39.3,39.76,3277,3729.25
1560859200,39.73,40.05,38.7,38.98,3551,3601.65
1560945600,38.8,38.9,37.62,37.69,5121,3684.15
1561118400,37.7,38.6,37.5,37.77,2530,3707.35
1561377600,37.69,38.46,37.65,38.19,2376,3719.1
1561464000,38.3,38.9,38.1,38.45,2968,3670.95
1561550400,38.59,38.6,38.15,38.42,1172,3548.55
1561636800,38.47,38.69,38.4,38.52,1621,3322.45
1561723200,38.44,39.21,36.8,37.16,7052,3515.55
1561982400,37,37.35,36.35,36.49,3984,3550.25
1562068800,36.5,37.17,36.5,36.99,2952,3606.25
1562155200,37,37.85,36.86,37.63,3578,3562.8
1562241600,37.7,38.2,37.26,38.12,1721,3396.1
1562328000,38.21,38.54,37.78,37.9,3267,3295.5
1562587200,37.9,38.1,37.55,37.96,1705,3299.2
1562760000,38.06,38.07,37.01,37.25,2844,3363.75
1562846400,37.3,37.6,36.81,37.49,2581,3260
1562932800,37.41,38.05,37.33,37.98,2214,3126.3
1563192000,40,40.24,39.78,39.78,433,2867.9
1563278400,39.85,39.85,39.4,39.65,455,2770.1
1563364800,39.68,40.02,39.67,39.8,931,2652.8
1563451200,39.77,39.77,39,39.03,782,2514.35
1563537600,39.1,39.45,39.1,39.3,145,2265.55
1563796800,38.91,39.09,38.72,39.09,414,2159.75
1563883200,38.98,39.25,38.76,38.85,376,2059.75
1563969600,38.9,39.2,38.61,38.66,275,1925.1
1564056000,38.68,38.7,38.55,38.63,525,1892.75
1564142400,38.6,39.04,38.37,39.04,284,1825.9
1564401600,38.81,39,38.81,38.95,186,1482.6
1564488000,38.9,38.95,38.7,38.85,246,1295.7
1564574400,38.85,38.85,38.15,38.46,1523,1224.25
1564660800,38.68,38.68,37.8,37.89,872,1088.95
1564747200,37.86,38.4,37.86,38.35,323,1019.05
1565006400,38.31,39.3,38.1,39.22,980,904.7
1565092800,39.38,39.59,38.9,39.43,701,854.5
1565179200,39.39,40.35,39.39,40.22,2255,825.05
1565265600,40.29,40.29,39.7,39.78,1196,755.8
1565352000,39.9,40.23,39.9,40.1,874,688.8
1565611200,40.1,40.6,38.2,38.49,2685,801.4
1565697600,38.43,38.43,37.52,37.82,2302,893.75
1565784000,37.95,38.25,37.85,38.18,566,875.5
1565870400,37.65,37.92,37.62,37.76,629,867.85
1565956800,37.75,38.17,37.7,38.08,264,873.8
1566216000,37.91,38,37.51,37.6,562,881.2
1566302400,37.56,37.95,37.07,37.18,1677,946.25
1566388800,37.17,37.49,37.01,37.3,1406,1002.8
1566475200,37.27,37.65,37.25,37.48,1633,1058.2
1566561600,37.6,37.65,37.4,37.57,503,1069.15
1566820800,37.45,37.99,37.45,37.91,696,1094.65
1566907200,37.9,38.1,37.66,37.88,940,1129.35
1566993600,37.96,38.35,37.69,38.32,1720,1139.2
1567080000,38.3,38.76,38.27,38.5,1692,1180.2
1567166400,38.46,38.7,38.41,38.5,1054,1216.75
1567425600,38.59,38.59,38.16,38.28,258,1180.65
1567512000,38.45,38.9,38.08,38.29,674,1179.3
1567598400,38.27,38.27,37.79,37.82,2408,1186.95
1567684800,37.57,37.88,37.57,37.76,2037,1229
1567771200,37.77,37.87,37.41,37.56,1476,1259.1
1568030400,37.63,38.24,37.42,38.1,1030,1176.35
1568116800,38.11,38.73,38.1,38.68,4120,1267.25
1568203200,38.79,38.89,38.41,38.75,1906,1334.25
1568289600,38.7,39.25,38.4,39.08,3329,1469.25
1568376000,39.1,39.58,39.1,39.41,1916,1551.85
1568635200,40.94,41.05,40.65,40.98,394,1543.45
1568721600,40.75,40.9,40.5,40.7,267,1472.95
1568808000,40.65,40.75,40.6,40.75,86,1406.95
1568894400,40.76,41,40.62,40.93,557,1353.15
1568980800,40.97,41.3,40.95,41.3,406,1348.3
1569240000,41.1,41.7,41.1,41.53,615,1344.25
1569326400,41.36,41.54,41.3,41.52,224,1308.45
1569412800,41.43,41.65,41.3,41.47,138,1229.35
1569499200,41.6,41.6,41.1,41.17,443,1166.9
1569585600,41.2,41.3,41.1,41.28,108,1119.6
1569844800,41.39,41.84,41.36,41.8,222,1117.8
1569931200,41.83,42.15,41.7,42,495,1108.85
1570017600,42,42.1,41.56,41.56,297,1003.3
1570104000,41.47,41.55,41.15,41.23,381,920.5
1570190400,41.01,41.16,40.6,41.15,425,867.95
1570449600,41.1,41.64,41.1,41.45,471,840
1570536000,41.55,41.65,41.55,41.65,26,635.3